Number,Text,Edited text,Segmented sentences
100,"In a blender put the seltzer. Squeeze the juice from half a lemon on top of the seltzer. Add the splenda and then the watermelon. Blend until slushy. Depending on your blender, you may need a tad more seltzer.",In a blender put the seltzer. Squeeze the juice from a lemon on the seltzer. Add the splenda and then the watermelon to the mix. Blend the mix until slushy.,In a blender put the seltzer. Squeeze the juice from a lemon on the seltzer. Add the splenda and then the watermelon to the mix. Blend the mix until slushy.
107,"Put milk, onion salt and pepper sauce into a medium saucepan. Tear cheese into small pieces and add to pan. Heat over medium-low to medium heat until cheese is melted and mixture is smooth.","Put milk, onion salt and pepper sauce into a medium saucepan. Tear cheese into small pieces and add cheese to pan. Heat the cheese over medium-low to medium heat until cheese is melted and mixture is smooth.","Put milk, onion salt and pepper sauce into a medium saucepan. Tear cheese into small pieces and! add cheese to pan. Heat the cheese over medium-low to medium heat until cheese is melted and mixture is smooth."
108,Rub ribs with 1/3 of this mix. Cook ribs 30 min at 450 degrees. To rest of mix add in 8 oz can tomato sauce and 1/4 c. vinegar. Bring to boil. Turn oven back to 375 degrees. Baste with remaining mix. Bake 1 hour.,Rub ribs with the mix. Cook ribs 30 min at 450 degrees. To the mix add in tomato sauce and vinegar. Bring the mix to boil. Turn on the oven back to 375 degrees. Baste the ribs with mix. Bake the ribs for 1 hour.,Rub ribs with the mix. Cook ribs 30 min at 450 degrees. To the mix add in tomato sauce and vinegar. Bring the mix to boil. Turn on the oven to 375 degrees. Baste the ribs with mix. Bake the ribs for 1 hour.
110,Heat breakfast links as directed on package; cut lengthwise in half. Spread tortilla with reduced-fat cream cheese; top with links. Fold tortilla in half. Cook in nonstick skillet on medium heat 2 min. on each side or until lightly browned on both sides.,Heat breakfast links as directed on package; cut breakfast links lengthwise in half. Spread tortilla with reduced-fat cream cheese; top tortilla with links. Fold tortilla in half. Cook tortilla in nonstick skillet on medium heat 2 minutes or until lightly browned.,Heat breakfast links as directed on package; cut breakfast links lengthwise in half. Spread tortilla with reduced-fat cream cheese; top tortilla with links. Fold tortilla in half. Cook tortilla in nonstick skillet on medium heat 2 minutes or until lightly browned.
112,Brown beef and bacon; drain. Add onion cook until transparent. Add the rest of the ingredients and heat. Simmer 10 minutes and serve.,Brown beef and bacon; drain beef and bacon. Add onion to the meat and cook the meat until transparent. Add the rest of the ingredients to the meat and heat the meat. Simmer the meat 10 minutes and serve the meat.,Brown beef and bacon; drain beef and bacon. Add onion to the meat and !cook the meat until transparent. Add the rest of the ingredients to the meat and! heat the meat. Simmer the meat 10 minutes and !serve the meat.
113,Heat chocolate on top of double boiler. Combine cream cheese with lowfat milk and gradually add in sugar and salt. Stir in melted chocolate and beat till smooth. Makes 2 c. frosting.,Heat chocolate on top of double boiler. Combine cream cheese with lowfat milk and gradually add in sugar and salt to the mix. Stir in the mix melted chocolate and beat the mix till smooth.,Heat chocolate on top of double boiler. Combine cream cheese with lowfat milk and !gradually add in sugar and salt to the mix. Stir in the mix melted chocolate and !beat the mix till smooth.
114,Use 3/4 cup boiling water to dissolve Jello - chill before adding milk Add the milk and fruit. Stir in other ingredients. Pour in to shallow dish. Cover and put in the frig. to set.,Dissolve Jello in boiling water - chill jello before adding milk. Add the milk and fruit to the jello. Stir the jello in other ingredients. Pour mix into shallow dish. Cover the mix and put mix in the fridge.,Dissolve Jello in boiling water ; chill jello before adding milk. Add the milk and fruit to the jello. Stir the jello in other ingredients. Pour mix into shallow dish. Cover the mix and !put mix in the fridge.
118,"Preheat oven to 400 degrees. Combine first 5 ingredients in large bowl. Stir in rhubarb and nuts. Pour in lined muffin tins. In small bowl, combine topping ingredients. Sprinkle on muffins. Bake for 20 minutes.","Preheat oven to 400 degrees. Combine ingredients in large bowl. Stir in the mix rhubarb and nuts. Pour mix in lined muffin tins. In small bowl, combine topping ingredients. Sprinkle topping ingredients on muffins. Bake muffins for 20 minutes.","Preheat oven to 400 degrees. Combine ingredients in large bowl. Stir in the mix rhubarb and nuts. Pour mix in lined muffin tins. In small bowl, combine topping ingredients. Sprinkle topping ingredients on muffins. Bake muffins for 20 minutes."
121,"Wash onions, trim ends and remove outer layer (keep whole). Cook in salted boiling water for 30- 50 minutes (depending on size of onions) until soft and onion layers start to 'come apart'. Drain water, and toss onions w/ margarine, sugar, salt and pepper. You can make this recipe a day or 2 in advance, store in fridge, and heat up in microwave just before serving.","Wash onions, trim the ends of the onions and remove outer layer of the onions. Cook the onions in salted boiling water for 30-50 minutes until soft and onion layers start to 'come apart'. Drain water from the onions, and toss onions with margarine, sugar, salt and pepper.  Store onions in the fridge, and heat up the onions in microwave just before serving.","Wash onions,! trim the ends of the onions and! remove outer layer of the onions. Cook the onions in salted boiling water for 30-50 minutes until soft and onion layers start to 'come apart'. Drain water from the onions, !and toss onions with margarine, sugar, salt and pepper.  Store onions in the fridge, !and heat up the onions in microwave just before serving."
122,"Heat canola oil, lightly flour chicken and fry in batches til golden brown. Puree cilantro,jalapeno,garlic,fish sauce and lime juice. Heat butter. Make sure not to burn the butter. Mix butter and puree together. Toss chicken wings in mixture. Pour onto platter and garnish with leftover puree and limes. ENJOY!","Heat canola oil, lightly flour chicken and fry chicken til golden brown. Puree cilantro,jalapeno,garlic,fish sauce and lime juice. Heat butter. Do not burn the butter. Mix butter and puree together. Toss chicken wings in mixture. Pour chicken onto platter and garnish chicken with leftover puree and limes.","Heat canola oil, !lightly flour the chicken and !fry chicken til golden brown. Puree cilantro,jalapeno,garlic,fish sauce and lime juice. Heat the butter. Do not burn the butter. Mix butter and !puree the buter together. Toss chicken wings in mixture. Pour chicken onto platter and !garnish chicken with leftover puree and limes."
123,"Put the chocolate bar into a microwave-safe bowl and add the milk. Microwave until the chocolate is soft and melted, about 30 seconds. Stir Greek yogurt into the chocolate mixture until smooth.","Put the chocolate bar into a microwave-safe bowl and add the milk to the chocolate bar. Microwave the chocolate until the chocolate is soft and melted, about 30 seconds. Stir Greek yogurt into the chocolate mixture until smooth.","Put the chocolate bar into a microwave-safe bowl and !add the milk to the chocolate bar. Microwave the chocolate until the chocolate is soft and melted, about 30 seconds. Stir Greek yogurt into the chocolate mixture until smooth."
124,"Brown meat and onion in large saucepan; drain. Add tomato sauce, undrained tomatoes, water, pasta, beans, 1/4 cup cheese and chili powder; stir. Cover; cook on medium heat 10 to 12 minutes or until pasta is tender, stirring occasionally. Sprinkle with remaining cheese just before serving.","Brown meat and onion in large saucepan; drain the meat. Add tomato sauce, undrained tomatoes, water, pasta, beans, 1/4 cup cheese and chili powder to the meat; stir the mix. Cover the mix; cook the mix on medium heat 10 to 12 minutes or until tender, stirring occasionally. Sprinkle the mix with remaining cheese just before serving.","Brown meat and onion in large saucepan; drain the meat. Add tomato sauce, undrained tomatoes, water, pasta, beans, 1/4 cup cheese and chili powder to the meat; stir the mix. Cover the mix; cook the mix on medium heat 10 to 12 minutes or until tender, stirring occasionally. Sprinkle the mix with remaining cheese just before serving."
126,"In a large bowl, mix together the gochujang, vinegar, sugar, berry extract and soy sauce. Bring to a boil 3 quarts of water in a large pot with plenty of space to spare. Add the noodles, and when the water returns to the boil, add a cup of cold water. Return to the boil and repeat, adding the cold water, twice more. By this time the noodles should be al dente. Drain them, rinse briefly with cold water and drain well. Add noodles to the bowl of seasoning. Toss together. Divide among 4 plates or bowls, top each with cucumber and serve.","In a large bowl, mix together the gochujang, vinegar, sugar, berry extract and soy sauce. Bring to a boil 3 quarts of water in a large pot. Add the noodles, and when the water returns to the boil, add a cup of cold water. Return to the boil and repeat, adding the cold water, twice more. Drain the noodles, rinse the noodles briefly with cold water and drain the noodles well. Add noodles to the bowl of seasoning. Toss noodles together with seasoning. Divide noodles among 4 plates or bowls, top each bowl with cucumber and serve noodles.","In a large bowl, mix together the gochujang, vinegar, sugar, berry extract and soy sauce. Bring to a boil 3 quarts of water in a large pot. Add the noodles, and !when the water returns to the boil, add a cup of cold water to the noodles. Add cold water to the mix. Drain the noodles, !rinse the noodles briefly with cold water and !drain the noodles well. Add noodles to the bowl of seasoning. Toss noodles together with seasoning. Divide noodles among 4 plates or bowls, !top each bowl with cucumber and !serve noodles."
139,"Add all ingredients except for the milk to soup pan and cover with water. Simmer 4 hours covered, adding more water as needed or until the peas break up. after the peas break up, remove lid and let excess water steam off until you have a thick paste. Add evaporated milk and serve.","Add all ingredients except for the milk to soup pan and cover pan with water. Simmer the mix 4 hours covered, until the peas break up. After the peas break up, remove lid from the pan. Add evaporated milk to the mix and serve.","Add all ingredients except for the milk to soup pan and !cover pan with water. Simmer the mix 4 hours covered, until the peas break up. After the peas break up, remove lid from the pan. Add evaporated milk to the mix and !serve the mix."
146,"In saucepan, combine broccoli, cauliflower, water, salt, and basil. Cook till tender. In separate pan, heat butter till lightly browned. Add in flour and stir till smooth. Gradually add in lowfat milk, stirring constantly, till thickened. Pour over vegetable mix and stir till blended.","In saucepan, combine broccoli, cauliflower, water, salt, and basil. Cook ingredients till tender. In separate pan, heat butter till lightly browned. Add in flour to the butter and stir butter till smooth. Gradually add in lowfat milk to the butter, stirring constantly, till thickened. Pour butter over vegetable mix and stir mix till blended.","In saucepan, combine broccoli, cauliflower, water, salt, and basil. Cook ingredients till tender. In separate pan, heat butter till lightly browned. Add in flour to the butter and !stir butter till smooth. Gradually add in lowfat milk to the butter, stirring constantly, till thickened. Pour butter over vegetable mix and !stir mix till blended."
151,"Place olives, Parmesan cheese, and garlic (if using) in a food processor. Add olive oil slowly while running. Process until smooth.","Place olives, parmesan cheese, and garlic in a food processor. Add olive oil slowly to the food processor. Process mix until smooth.","Place olives, parmesan cheese, and garlic in a food processor. Add olive oil slowly to the food processor. Process mix until smooth."
152,"Cut Chicken into 1 inch pieces. Add chicken to heated on medium high with oil. Cook, while stirring, for 3-5 minutes slightly brown the chicken. Reduce heat. Add canned tomatoes with their juice, chili sauce, peppers, onions, celery, garlic and spices. Bring to a boil. Reduce heat, cover and simmer for 10 minutes.","Cut Chicken into 1 inch pieces. Add chicken to heated on medium high with oil. Cook chicken, while stirring, for 3-5 minutes until the chicken is slightly brown. Reduce the heat. Add canned tomatoes with their juice, chili sauce, peppers, onions, celery, garlic and spices. Bring mix to a boil. Reduce heat, cover and simmer the chicken for 10 minutes.","Cut chicken into 1 inch pieces. Add chicken to heated on medium high with oil. Cook chicken, while stirring, for 3-5 minutes until the chicken is slightly brown. Reduce the heat. Add canned tomatoes, chili sauce, peppers, onions, celery, garlic and spices to the mix. Bring the mix to a boil. Reduce heat, !cover and simmer the chicken for 10 minutes."
154,Blend all ingredients except COOL WHIP in blender until smooth. Pour into 4 glasses. Top with COOL WHIP. Serve immediately.,Blend all ingredients in blender until smooth. Pour mix into 4 glasses. Top mix with cool whip. Serve mix immediately.,Blend all ingredients in blender until smooth. Pour mix into 4 glasses. Top mix with cool whip. Serve mix immediately.
157,"In a large skillet, melt butter over medium heat. Cook chops in butter, turning once to brown evenly. Pour in wine, and season with salt, pepper, rosemary, and garlic. Simmer, uncovered, for 20 minutes, or until chops are tender. Transfer pork chops to serving plates, and spoon sauce over the meat.","In a large skillet, melt butter over medium heat. Cook chops in butter, turning to brown evenly. Pour wine in the mix, and season chops with salt, pepper, rosemary, and garlic. Simmer the chops uncovered, for 20 minutes, or until chops are tender. Transfer pork chops to serving plates, and spoon sauce over the meat.","In a large skillet, melt butter over medium heat. Cook chops in butter, turning to brown evenly. Pour wine in the mix, and !season chops with salt, pepper, rosemary, and garlic. Simmer the chops uncovered, for 20 minutes, or until chops are tender. Transfer pork chops to serving plates, and !spoon sauce over the meat."
167,"Mix Vinegar, mustard, salt and pepper together. Add oil and whisk until well blended. Spread greens on plate or in bowl. Cover with tomato slices. Arrange Cheese slices on top of tomatoes. Drizzle dressing over salad. Sprinkle with fresh basil.","Mix Vinegar, mustard, salt and pepper together. Add oil to the mix and whisk the mixuntil well blended. Spread greens on plate or in bowl. Cover the greens with tomato slices. Arrange cheese slices on top of tomatoes. Drizzle dressing over salad. Sprinkle salad with fresh basil.","Mix vinegar, mustard, salt and pepper together. Add oil to the mix and !whisk the mix until well blended. Spread greens on plate or in bowl. Cover the greens with tomato slices. Arrange cheese slices on top of tomatoes. Drizzle dressing over salad. Sprinkle salad with fresh basil."
174,Cook pasta according to package directions. Drain and rinse with cold water. Place in large mixing bowl. Add remaining ingredients and toss. Refrigerate until ready to serve. Can be made several days ahead.,Cook pasta according to package directions. Drain and rinse pasta with cold water. Place pasta in large mixing bowl. Add remaining ingredients to the pasta and toss the pasta. Refrigerate pasta until ready to serve.,Cook pasta according to package directions. Drain and rinse pasta with cold water. Place pasta in large mixing bowl. Add remaining ingredients to the pasta and !toss the pasta. Refrigerate pasta until ready.
178,"mince all vegetables in food processor or by hand, place into a large bowl and mix in other ingredients with a thin wire whip til well mixed (you can use whole ground or brown mustard as a sub for the creole).","Mince all vegetables in food processor or by hand, place vegetables into a large bowl and mix in the bowl other ingredients with a thin wire whip til well mixed.","Mince all vegetables in food processor or by hand, !place vegetables into a large bowl and mix other ingredients in the bowl with a thin wire whip til well mixed."
194,"Preheat greased grill to medium-high heat. Grill fruit 3 min. on each side or until lightly browned on both sides. Cut fruit into 2-inch sticks; place in large salad bowl. Add greens, jicama and tomatoes; toss lightly. Drizzle with dressing just before serving.","Preheat greased grill to medium-high heat. Grill fruit 3 minutes on each side or until lightly browned. Cut fruit into 2-inch sticks; place sticks in large salad bowl. Add greens, jicama and tomatoes to the bowl; toss the salad lightly. Drizzle the salad with dressing just before serving.","Preheat greased grill to medium-high heat. Grill fruit 3 minutes or until lightly browned. Cut fruit into 2-inch sticks; place sticks in large salad bowl. Add greens, jicama and tomatoes to the bowl; toss the salad lightly. Drizzle the salad with dressing just before serving."
201,"Place the tomatoes in a 13 by 9-inch casserole dish. Sprinkle with salt and pepper to taste and top each with a pat of butter. Generously sprinkle the cheese over the tomatoes and broil for 10 to 15 minutes, until the tomatoes are heated through and the cheese is bubbly.","Place the tomatoes in a casserole dish. Sprinkle the tomatoes with salt and pepper and top each tomato with a pat of butter. Generously sprinkle the cheese over the tomatoes and broil the tomatoes for 10 to 15 minutes, until the tomatoes are heated through and the cheese is bubbly.","Place the tomatoes in a casserole dish. Sprinkle the tomatoes with salt and pepper and !top each tomato with a pat of butter. Generously sprinkle the cheese over the tomatoes and !broil the tomatoes for 10 to 15 minutes, until the tomatoes are heated through and the cheese is bubbly."
203,"Brown ground beef with onion in stock pot, stirring frequently; drain well. Add water, wine,undrained tomatoes, kidney beans, tomato sauce and taco seasoning mix. Stir till mixed well. Cover and simmer for 35 to 40 minutes stirring occasionally. Garnish with some or all of the remaining ingredients.","Brown ground beef with onion in stock pot, stirring frequently; drain beef well. Add water, wine,undrained tomatoes, kidney beans, tomato sauce and taco seasoning mix to the beef. Stir the beef till mixed well. Cover and simmer the beef for 35 to 40 minutes stirring occasionally. Garnish the beef with the remaining ingredients.","Brown ground beef with onion in stock pot, stirring frequently; drain beef well. Add water, wine,undrained tomatoes, kidney beans, tomato sauce and taco seasoning mix to the beef. Stir the beef till mixed well. Cover and simmer the beef for 35 to 40 minutes stirring occasionally. Garnish the beef with the remaining ingredients."
207,"Cream butter, almond butter, sugar, and brown sugar. Add vanilla and eggs until incorporated. Mix in dry ingredients except oatmeal. Add oats, chocolate chips, and cherries last. Line a jellyroll pan with foil and spray with nonstick spray. Cook 20 minutes on 350.","Cream butter, almond butter, sugar, and brown sugar. Add vanilla and eggs to the cream until incorporated. Mix in dry ingredients except oatmeal. Add oats, chocolate chips, and cherries to the mix. Line a jellyroll pan with foil and spray the foil with nonstick spray. Cook the mix 20 minutes on 350.","Cream butter, almond butter, sugar, and brown sugar. Add vanilla and eggs to the cream until incorporated. Mix in dry ingredients except oatmeal. Add oats, chocolate chips, and cherries to the mix. Line a jellyroll pan with foil and !spray the foil with nonstick spray. Cook the mix 20 minutes on 350."
215,"Dissolve gelatin in hot water. Add cream of mushroom soup, cream cheese and heat on low until blended. Add celery, green onion, mayonnaise, shrimp and stir well. Pour into mold and put in fridge until set, about 3 hours. Unmold and serve with crackers.","Dissolve gelatin in hot water. Add cream of mushroom soup, cream cheese and heat to the gelatin on low until blended. Add celery, green onion, mayonnaise, shrimp to the mix and stir the mix well. Pour the mix into mold and put the mix in fridge until set, about 3 hours. Unmold and serve the mix with crackers.","Dissolve gelatin in hot water. Add cream of mushroom soup, cream cheese and !heat the gelatin on low until blended. Add celery, green onion, mayonnaise, shrimp to the mix and !stir the mix well. Pour the mix into mold and !put the mix in fridge until set, about 3 hours. Unmold and serve the mix with crackers."
222,Spread peanut butter on one slice of bread; sprinkle with white sugar. Spread creamy salad dressing on the other slice of bread; top with tomato slices. Sprinkle tomatoes with salt and pepper. Place the 2 sides together and enjoy!,Spread peanut butter on one slice of bread; sprinkle bread with white sugar. Spread creamy salad dressing on the other slice of bread; top bread with tomato slices. Sprinkle tomatoes with salt and pepper. Place the 2 sides together.,Spread peanut butter on bread; sprinkle bread with white sugar. Spread creamy salad dressing on the bread; top bread with tomato slices. Sprinkle tomatoes with salt and pepper.
243,"Combine all ingredients in a large mixer bowl until smooth about 5 or 6 minutes. Add eggs , one at a time while you mix. Pour into well buttered Bundt pan, or you can use a bread loaf pan. Bake at 325 for 60 minutes, or until cake tests done.","Combine all ingredients in a large mixer bowl until smooth about 5-6 minutes. Add eggs to the bowl while you mix. Pour the mix into well buttered pan, or into bread loaf pan. Bake the mix at 325 for 60 minutes, or until cake is done.","Combine all ingredients in a large mixer bowl until smooth about 5-6 minutes. Add eggs to the bowl while mixing. Pour the mix into well buttered pan, or into bread loaf pan. Bake the mix at 325 for 60 minutes, or until cake is done."
245,"Whisk the mayonnaise, sour cream, mustard, lime juice, salt and pepper in a medium-glass or stainless steel bowl for 1 minute, or until smooth and well blended. Add the wasabi paste and whisk vigorously for 1 minute, until combined. Cover and refrigerate for at least 30 minutes.","Whisk the mayonnaise, sour cream, mustard, lime juice, salt and pepper in a medium-glass or stainless steel bowl for 1 minute, or until smooth and well blended. Add the wasabi paste to the mix and whisk the mix vigorously for 1 minute, until combined. Cover and refrigerate the mix for at least 30 minutes.","Whisk the mayonnaise, sour cream, mustard, lime juice, salt and pepper in a medium-glass or stainless steel bowl for 1 minute, or until smooth and well blended. Add the wasabi paste to the mix and !whisk the mix vigorously for 1 minute, until combined. Cover and refrigerate the mix for at least 30 minutes."
247,"Bring leftover soup to a boil. Add diced bread and cook, stirring on occasion, for 10 minutes or until soup is thick and porridgelike. Adjust the seasoning and ladle out. Drizzle with olive oil and dust with more cheese if you like.","Bring soup to a boil. Add diced bread to the soup and cook soup, stirring on occasion, for 10 minutes or until soup is thick. Adjust the seasoning on the soup and ladle out the soup. Drizzle the soup with olive oil and dust the soup with more cheese.","Bring soup to a boil. Add diced bread to the soup and !cook soup, stirring on occasion, for 10 minutes or until soup is thick. Adjust the seasoning on the soup and !ladle out the soup. Drizzle the soup with olive oil and !dust the soup with more cheese."
250,"Peel the mango and cut the flesh from the central stone. Place mango flesh in blender together with ice, sugar, salt and yoghurt. Blitz until smooth. Pour into glasses and top up with chilled soda water. Serve.","Peel the mango. Place mango in blender together with ice, sugar, salt and yoghurt. Blitz mango until smooth. Pour mango into glasses and top up mango with chilled soda water. Serve the mango.","Peel the mango. Place mango in blender together with ice, sugar, salt and yoghurt. Blitz mango until smooth. Pour mango into glasses and !top up mango with chilled soda water. Serve the mango."
254,Preheat oven to 350 degrees. Combine all ingredients together in large bowl. Spray large casserole dish or oblong baking pan with non-stick cooking spray. Pour ingredients in pan and bake at 350 degrees for 1 hour or until knife inserted in middle comes out clean.,Preheat oven to 350 degrees. Combine all ingredients together in large bowl. Spray large casserole dish or baking pan with non-stick cooking spray. Pour ingredients in pan and bake at 350 degrees for 1 hour or until knife inserted in middle comes out clean.,Preheat oven to 350 degrees. Combine all ingredients together in large bowl. Spray large casserole dish or baking pan with non-stick cooking spray. Pour ingredients in pan and !bake ingredients at 350 degrees for 1 hour or until knife inserted in middle comes out clean.
257,"Preheat oven to 425 degree F. Put entire stick butter into a 9 x 13 inch pan. Put pan with butter into the oven until butter is melted. Beat the eggs, milk, and salt until frothy. Add flour. Beat until mixed. Pour over melted butter. Bake for 25 to 30 minutes. Serve with syrup or jelly.","Preheat oven to 425 degree F. Put butter into a pan. Put pan with butter into the oven until butter is melted. Beat the eggs, milk, and salt until frothy. Add flour to the mix. Beat the mix until mixed. Pour the mix over melted butter. Bake the mix for 25 to 30 minutes. Serve the mix with syrup or jelly.","Preheat oven to 425 degree F. Put butter into a pan. Put pan with butter into the oven until butter is melted. Beat the eggs, milk, and salt until frothy. Add flour to the mix. Beat the mix until mixed. Pour the mix over melted butter. Bake the mix for 25 to 30 minutes. Serve the mix with syrup or jelly."
261,"In a cocktail shaker, muddle the mint, sugar, lime juice and Simple Syrup. Add ice, shake well and pour into a highball glass. Top with the ginger ale.","In a cocktail shaker, muddle the mint, sugar, lime juice and simple syrup. Add ice to the mix, shake the mix well and pour the mix into a highball glass. Top the mix with the ginger ale.","In a cocktail shaker, muddle the mint, sugar, lime juice and simple syrup. Add ice to the mix, !shake the mix well and !pour the mix into a highball glass. Top the mix with the ginger ale."
264,"Bring the mixture just to a boil, cool slightly, pour into a clean jar with a tight-fitting lid. Let it steep in a cool, dark place for several weeks, then store in the refrigerator.","Bring the mixture just to a boil, cool the mixture slightly, pour the mixture into a clean jar with a tight-fitting lid. Cool the mixture for several weeks, then store the mix in the refrigerator.","Bring the mixture just to a boil, !cool the mixture slightly, !pour the mixture into a clean jar with a tight-fitting lid. Cool the mixture for several weeks, !then store the mix in the refrigerator."
268,Combine all ingredients and cook over medium heat until potatoes are just tender. Turn down heat to low and simmer at least 1.5 hours.,Combine all ingredients and cook the ingredients over medium heat until potatoes are just tender. Turn down heat to low and simmer the mix at least 1.5 hours.,Combine all ingredients and !cook the ingredients over medium heat until potatoes are just tender. Turn down heat to low and !simmer the mix at least 1.5 hours.
271,"Combine flour, salt and pepper, seasoning and eggs. Dip fish in mixture. Heat butter and oil in a saute pan and saute fish until crisp on both sides.","Combine flour, salt and pepper, seasoning and eggs. Dip fish in mixture. Heat butter and oil in a saute pan and saute fish until crisp on both sides.","Combine flour, salt and pepper, seasoning and eggs. Dip fish in mixture. Heat butter and oil in a saute pan and !saute fish until crisp on both sides."
274,"Put chicken in a greased 9x13-inch baking dish. Top with cheese slices, soup and sprinkle with stuffing mix. Drizzle butter over. Bake covered at 350F for 45 minutes.","Put chicken in a greased baking dish. Top chicken with cheese slices, soup and sprinkle chicken with stuffing mix. Drizzle butter over the chicken. Bake the chicken covered at 350F for 45 minutes.","Put chicken in a greased baking dish. Top chicken with cheese slices, soup and !sprinkle chicken with stuffing mix. Drizzle butter over the chicken. Bake the chicken covered at 350F for 45 minutes."
285,"Sift flour and baking powder together. Stir in cheese, bacon and chives. Mix milk and eggs together and then add to flour mix, stirring until just combined. Spoon into prepared muffins tins. Bake in moderately hot oven 200deg C/380deg F for 15- 20 minutes.","Sift flour and baking powder together. Stir in cheese, bacon and chives. Mix milk and eggs together and then add milk and eggs to flour mix, stirring until just combined. Spoon the mix into prepared muffins tins. Bake the mix in moderately hot oven 200deg C/380deg F for 15- 20 minutes.","Sift flour and baking powder together. Stir in cheese, bacon and chives. Mix milk and eggs together and !then add milk and eggs to flour mix, stirring until just combined. Spoon the mix into prepared muffins tins. Bake the mix in moderately hot oven 200deg C/380deg F for 15- 20 minutes."
296,Preheat oven to 325 degrees. Whisk together wet ingredients. Whisk together dry ingredients. Combine both bowls and mix with hands ( mix will be thick). Make into patties ( cookie size). Cook for 15 minutes.,Preheat oven to 325 degrees. Whisk together wet ingredients. Whisk together dry ingredients. Combine both bowls of ingredients and mix the ingredients with hands. Cook the ingredients for 15 minutes.,Preheat oven to 325 degrees. Whisk together wet ingredients. Whisk together dry ingredients. Combine both bowls of ingredients and !mix the ingredients with hands. Cook the ingredients for 15 minutes.
298,"Bring vinegar, water, sugar and spices to a boil. In succession add carrots, cauliflower, red pepper, onions and zucchini, leaving 2-3 minutes between addition of each vegetable. Remove from heat and let cool.","Bring vinegar, water, sugar and spices to a boil. Add carrots, cauliflower, red pepper, onions and zucchini to the mix, leaving 2-3 minutes between addition of each vegetable. Remove the mix from heat and let cool the mix.","Bring vinegar, water, sugar and spices to a boil. Add carrots, cauliflower, red pepper, onions and zucchini to the mix, leaving 2-3 minutes between addition of each vegetable. Remove the mix from heat and !let cool the mix."
306,"Marinate Chicken breasts with lemon juice, herbs, and spices overnight. Place chicken in casserole dish with marinade covering bottom (at very least) to prevent drying. Bake @ 350","Marinate chicken breasts with lemon juice, herbs, and spices overnight. Place chicken in casserole dish with marinade. Bake the chicken at 350","Marinate chicken breasts with lemon juice, herbs, and spices overnight. Place chicken in casserole dish with marinade. Bake the chicken at 350"
309,"Combine 2 1/2 cup water and salt in small saucepan; bring to a boil. Mix cornmeal with remaining water in a small bowl. Add cornmeal mixture slowly to boiling water, stirring constantly. Reduce heat to low; cook stirring constantly, for 5 minutes or until mixture is thickened.","Combine water and salt in small saucepan; bring water to a boil. Mix cornmeal with water in a small bowl. Add cornmeal mixture slowly to boiling water, stirring constantly. Reduce heat to low; cook stirring constantly, for 5 minutes or until mixture is thickened.","Combine water and salt in small saucepan; bring water to a boil. Mix cornmeal with water in a small bowl. Add cornmeal mixture slowly to boiling water, stirring constantly. Reduce heat to low; cook stirring constantly, for 5 minutes or until mixture is thickened."
319,Place ingredients in the bread machine pan in the order suggested by the manufacturer. Select Sweet bread cycle and light crust; start machine.,Place ingredients in the bread machine. Select sweet bread cycle and light crust; start the machine.,Place ingredients in the bread machine. Select sweet bread cycle and light crust; start the machine.
337,"Stir cornmeal into 2 cups of milk and let mixture come to a boil, making a mush. Remove from heat and add balance of milk and well-beaten eggs. Stir in salt, baking powder and melted butter . Bake in 2 quart greased casserole for 30 minutes at 350 degrees.","Stir cornmeal into 2 cups of milk and boil mixture, making a mush. Remove mixture from heat and add milk and well-beaten eggs to the mixture. Stir salt, baking powder and melted butter in the mixture. Bake mixture in greased casserole for 30 minutes at 350 degrees.","Stir cornmeal into 2 cups of milk and !boil mixture, making a mush. Remove mixture from heat and !add milk and well-beaten eggs to the mixture. Stir salt, baking powder and melted butter in the mixture. Bake mixture in greased casserole for 30 minutes at 350 degrees."
343,"Melt butter in 10-inch skillet over medium-high heat until sizzling; add shrimp. Cook just 2-3 minutes or until shrimp are pink. Remove from heat; season lightly with salt and pepper, if desired. Combine coleslaw mix and dressing in bowl. *Substitute shredded lettuce.",Melt butter in 10-inch skillet over medium-high heat until sizzling; add shrimp to the skillet. Cook shrimp just 2-3 minutes or until shrimp are pink. Remove shrimp from heat; season the shrimp lightly with salt and pepper. Combine coleslaw mix and dressing in bowl.,Melt butter in 10-inch skillet over medium-high heat until sizzling; add shrimp to the skillet. Cook shrimp just 2-3 minutes or until shrimp are pink. Remove shrimp from heat; season the shrimp lightly with salt and pepper. Combine coleslaw mix and dressing in bowl.
347,Pour all of the diced melons in a large glass pitcher. Top with ice. Gently muddle mint leaves with the lemon juice. Add to pitcher. Pour wine last into the glass and stir with a wooden spoon.,Pour the diced melons in a large glass pitcher. Top melons with ice. Gently muddle mint leaves with the lemon juice. Add lemon juice to pitcher. Pour wine into the glass and stir the wine with a wooden spoon.,Pour the diced melons in a large glass pitcher. Top melons with ice. Gently muddle mint leaves with the lemon juice. Add lemon juice to pitcher. Pour wine into the glass and !stir the wine with a wooden spoon.
350,"Pour the champagne and energy drink into a large pitcher. Stir to mix, pour into glasses, and serve.","Pour the champagne and energy drink into a large pitcher. Stir the drink, pour the drink into glasses, and serve the drink.","Pour the champagne and energy drink into a large pitcher. Stir the drink, !pour the drink into glasses, and !serve the drink."
356,"In a bowl, using an electric mixer, beat together peanut butter, butter, and salt until creamy. With mixer on low speed, beat in powdered sugar, 1/2 cup at a time. Increase speed to medium-high and beat until light and fluffy. Add cocoa powder, beating until very smooth and creamy.","In a bowl, using an electric mixer, beat together peanut butter, butter, and salt until creamy. With mixer on low speed, beat in powdered sugar. Increase mixer speed to medium-high and beat the mix until light and fluffy. Add cocoa powder to the mix, beating until very smooth and creamy.","In a bowl, using an electric mixer, beat together peanut butter, butter, and salt until creamy. With mixer on low speed, beat in powdered sugar. Increase mixer speed to medium-high and !beat the mix until light and fluffy. Add cocoa powder to the mix, beating until very smooth and creamy."